size,path
,d3
,d3d3-array
,d3d3-arraythreshold
,d3d3-axis
,d3d3-brush
,d3d3-chord
,d3d3-collection
,d3d3-color
,d3d3-dispatch
,d3d3-drag
,d3d3-dsv
,d3d3-ease
,d3d3-force
,d3d3-format
,d3d3-geo
,d3d3-geoclip
,d3d3-geopath
,d3d3-geoprojection
,d3d3-hierarchy
,d3d3-hierarchyhierarchy
,d3d3-hierarchypack
,d3d3-hierarchytreemap
,d3d3-interpolate
,d3d3-interpolatetransform
,d3d3-path
,d3d3-polygon
,d3d3-quadtree
,d3d3-queue
,d3d3-random
,d3d3-request
,d3d3-scale
,d3d3-selection
,d3d3-selectionselection
,d3d3-shape
,d3d3-shapecurve
,d3d3-shapeoffset
,d3d3-shapeorder
,d3d3-shapesymbol
,d3d3-time-format
,d3d3-time
,d3d3-timer
,d3d3-transition
,d3d3-transitionselection
,d3d3-transitiontransition
,d3d3-voronoi
,d3d3-zoom
90,d3d3-arrayarray.js
86,d3d3-arrayascending.js
238,d3d3-arraybisect.js
786,d3d3-arraybisector.js
72,d3d3-arrayconstant.js
86,d3d3-arraydescending.js
135,d3d3-arraydeviation.js
553,d3d3-arrayextent.js
1876,d3d3-arrayhistogram.js
43,d3d3-arrayidentity.js
451,d3d3-arraymax.js
362,d3d3-arraymean.js
452,d3d3-arraymedian.js
339,d3d3-arraymerge.js
451,d3d3-arraymin.js
63,d3d3-arraynumber.js
182,d3d3-arraypairs.js
161,d3d3-arraypermute.js
416,d3d3-arrayquantile.js
344,d3d3-arrayrange.js
357,d3d3-arrayscan.js
285,d3d3-arrayshuffle.js
295,d3d3-arraysum.js
361,d3d3-arraythresholdfreedmanDiaconis.js
180,d3d3-arraythresholdscott.js
96,d3d3-arraythresholdsturges.js
672,d3d3-arrayticks.js
356,d3d3-arraytranspose.js
540,d3d3-arrayvariance.js
99,d3d3-arrayzip.js
42,d3d3-axisarray.js
5239,d3d3-axisaxis.js
43,d3d3-axisidentity.js
15778,d3d3-brushbrush.js
72,d3d3-brushconstant.js
127,d3d3-brushevent.js
202,d3d3-brushnoevent.js
42,d3d3-chordarray.js
3178,d3d3-chordchord.js
72,d3d3-chordconstant.js
159,d3d3-chordmath.js
2340,d3d3-chordribbon.js
137,d3d3-collectionentries.js
104,d3d3-collectionkeys.js
1988,d3d3-collectionmap.js
2021,d3d3-collectionnest.js
800,d3d3-collectionset.js
115,d3d3-collectionvalues.js
9276,d3d3-colorcolor.js
1855,d3d3-colorcubehelix.js
340,d3d3-colordefine.js
3167,d3d3-colorlab.js
72,d3d3-colormath.js
2729,d3d3-dispatchdispatch.js
72,d3d3-dragconstant.js
4297,d3d3-dragdrag.js
430,d3d3-dragevent.js
857,d3d3-dragnodrag.js
202,d3d3-dragnoevent.js
199,d3d3-dsvcsv.js
3582,d3d3-dsvdsv.js
200,d3d3-dsvtsv.js
653,d3d3-easeback.js
521,d3d3-easebounce.js
261,d3d3-easecircle.js
210,d3d3-easecubic.js
1309,d3d3-easeelastic.js
251,d3d3-easeexp.js
43,d3d3-easelinear.js
596,d3d3-easepoly.js
192,d3d3-easequad.js
236,d3d3-easesin.js
654,d3d3-forcecenter.js
2447,d3d3-forcecollide.js
72,d3d3-forceconstant.js
69,d3d3-forcejiggle.js
3213,d3d3-forcelink.js
3181,d3d3-forcemanyBody.js
3444,d3d3-forcesimulation.js
1030,d3d3-forcex.js
1030,d3d3-forcey.js
361,d3d3-formatdefaultLocale.js
134,d3d3-formatexponent.js
656,d3d3-formatformatDecimal.js
368,d3d3-formatformatDefault.js
475,d3d3-formatformatGroup.js
611,d3d3-formatformatPrefixAuto.js
458,d3d3-formatformatRounded.js
1589,d3d3-formatformatSpecifier.js
846,d3d3-formatformatTypes.js
5247,d3d3-formatlocale.js
119,d3d3-formatprecisionFixed.js
190,d3d3-formatprecisionPrefix.js
186,d3d3-formatprecisionRound.js
906,d3d3-geoadder.js
1958,d3d3-geoarea.js
5361,d3d3-geobounds.js
929,d3d3-geocartesian.js
3816,d3d3-geocentroid.js
2373,d3d3-geocircle.js
2897,d3d3-geoclipantimeridian.js
470,d3d3-geoclipbuffer.js
5956,d3d3-geoclipcircle.js
5527,d3d3-geoclipextent.js
3813,d3d3-geoclipindex.js
1099,d3d3-geoclipline.js
2802,d3d3-geoclippolygon.js
250,d3d3-geocompose.js
72,d3d3-geoconstant.js
229,d3d3-geodistance.js
3034,d3d3-geograticule.js
43,d3d3-geoidentity.js
911,d3d3-geointerpolate.js
1309,d3d3-geolength.js
880,d3d3-geomath.js
34,d3d3-geonoop.js
945,d3d3-geopatharea.js
485,d3d3-geopathbounds.js
2033,d3d3-geopathcentroid.js
914,d3d3-geopathcontext.js
1690,d3d3-geopathindex.js
1149,d3d3-geopathstring.js
139,d3d3-geopointEqual.js
2491,d3d3-geopolygonContains.js
235,d3d3-geoprojectionalbers.js
3986,d3d3-geoprojectionalbersUsa.js
502,d3d3-geoprojectionazimuthal.js
447,d3d3-geoprojectionazimuthalEqualArea.js
443,d3d3-geoprojectionazimuthalEquidistant.js
402,d3d3-geoprojectionconic.js
1017,d3d3-geoprojectionconicConformal.js
871,d3d3-geoprojectionconicEqualArea.js
771,d3d3-geoprojectionconicEquidistant.js
314,d3d3-geoprojectioncylindricalEqualArea.js
253,d3d3-geoprojectionequirectangular.js
910,d3d3-geoprojectionfit.js
387,d3d3-geoprojectiongnomonic.js
1922,d3d3-geoprojectionidentity.js
3752,d3d3-geoprojectionindex.js
1119,d3d3-geoprojectionmercator.js
376,d3d3-geoprojectionorthographic.js
3275,d3d3-geoprojectionresample.js
436,d3d3-geoprojectionstereographic.js
762,d3d3-geoprojectiontransverseMercator.js
2509,d3d3-georotation.js
2305,d3d3-geostream.js
701,d3d3-geotransform.js
166,d3d3-hierarchyaccessors.js
2093,d3d3-hierarchycluster.js
120,d3d3-hierarchyconstant.js
138,d3d3-hierarchyhierarchyancestors.js
121,d3d3-hierarchyhierarchydescendants.js
381,d3d3-hierarchyhierarchyeach.js
353,d3d3-hierarchyhierarchyeachAfter.js
282,d3d3-hierarchyhierarchyeachBefore.js
1819,d3d3-hierarchyhierarchyindex.js
164,d3d3-hierarchyhierarchyleaves.js
246,d3d3-hierarchyhierarchylinks.js
606,d3d3-hierarchyhierarchypath.js
151,d3d3-hierarchyhierarchysort.js
264,d3d3-hierarchyhierarchysum.js
2452,d3d3-hierarchypackenclose.js
1917,d3d3-hierarchypackindex.js
389,d3d3-hierarchypackshuffle.js
3497,d3d3-hierarchypacksiblings.js
1266,d3d3-hierarchypartition.js
1934,d3d3-hierarchystratify.js
7060,d3d3-hierarchytree.js
1184,d3d3-hierarchytreemapbinary.js
309,d3d3-hierarchytreemapdice.js
2810,d3d3-hierarchytreemapindex.js
1029,d3d3-hierarchytreemapresquarify.js
166,d3d3-hierarchytreemapround.js
309,d3d3-hierarchytreemapslice.js
170,d3d3-hierarchytreemapsliceDice.js
1868,d3d3-hierarchytreemapsquarify.js
372,d3d3-interpolatearray.js
600,d3d3-interpolatebasis.js
360,d3d3-interpolatebasisClosed.js
697,d3d3-interpolatecolor.js
72,d3d3-interpolateconstant.js
760,d3d3-interpolatecubehelix.js
134,d3d3-interpolatedate.js
547,d3d3-interpolatehcl.js
547,d3d3-interpolatehsl.js
447,d3d3-interpolatelab.js
100,d3d3-interpolatenumber.js
390,d3d3-interpolateobject.js
163,d3d3-interpolatequantize.js
1277,d3d3-interpolatergb.js
112,d3d3-interpolateround.js
1758,d3d3-interpolatestring.js
672,d3d3-interpolatetransformdecompose.js
2064,d3d3-interpolatetransformindex.js
980,d3d3-interpolatetransformparse.js
598,d3d3-interpolatevalue.js
1387,d3d3-interpolatezoom.js
4089,d3d3-pathpath.js
243,d3d3-polygonarea.js
346,d3d3-polygoncentroid.js
411,d3d3-polygoncontains.js
402,d3d3-polygoncross.js
1710,d3d3-polygonhull.js
375,d3d3-polygonlength.js
2441,d3d3-quadtreeadd.js
1667,d3d3-quadtreecover.js
170,d3d3-quadtreedata.js
206,d3d3-quadtreeextent.js
1696,d3d3-quadtreefind.js
134,d3d3-quadtreequad.js
2077,d3d3-quadtreequadtree.js
1898,d3d3-quadtreeremove.js
51,d3d3-quadtreeroot.js
155,d3d3-quadtreesize.js
695,d3d3-quadtreevisit.js
773,d3d3-quadtreevisitAfter.js
138,d3d3-quadtreex.js
138,d3d3-quadtreey.js
29,d3d3-queuearray.js
2870,d3d3-queuequeue.js
168,d3d3-randombates.js
113,d3d3-randomexponential.js
137,d3d3-randomirwinHall.js
178,d3d3-randomlogNormal.js
503,d3d3-randomnormal.js
236,d3d3-randomuniform.js
101,d3d3-requestcsv.js
517,d3d3-requestdsv.js
157,d3d3-requesthtml.js
127,d3d3-requestjson.js
4593,d3d3-requestrequest.js
109,d3d3-requesttext.js
118,d3d3-requesttsv.js
370,d3d3-requesttype.js
174,d3d3-requestxml.js
90,d3d3-scalearray.js
2637,d3d3-scaleband.js
119,d3d3-scalecategory10.js
179,d3d3-scalecategory20.js
179,d3d3-scalecategory20b.js
179,d3d3-scalecategory20c.js
101,d3d3-scalecolors.js
72,d3d3-scaleconstant.js
3328,d3d3-scalecontinuous.js
188,d3d3-scalecubehelix.js
463,d3d3-scaleidentity.js
1206,d3d3-scalelinear.js
3273,d3d3-scalelog.js
340,d3d3-scalenice.js
44,d3d3-scalenumber.js
1116,d3d3-scaleordinal.js
1000,d3d3-scalepow.js
1280,d3d3-scalequantile.js
1066,d3d3-scalequantize.js
536,d3d3-scalerainbow.js
717,d3d3-scalesequential.js
802,d3d3-scalethreshold.js
1203,d3d3-scaletickFormat.js
4565,d3d3-scaletime.js
379,d3d3-scaleutcTime.js
6471,d3d3-scaleviridis.js
72,d3d3-selectionconstant.js
662,d3d3-selectioncreator.js
536,d3d3-selectionlocal.js
533,d3d3-selectionmatcher.js
224,d3d3-selectionmouse.js
303,d3d3-selectionnamespace.js
254,d3d3-selectionnamespaces.js
448,d3d3-selectionpoint.js
259,d3d3-selectionselect.js
282,d3d3-selectionselectAll.js
235,d3d3-selectionselectionappend.js
1460,d3d3-selectionselectionattr.js
134,d3d3-selectionselectioncall.js
1740,d3d3-selectionselectionclassed.js
3597,d3d3-selectionselectiondata.js
132,d3d3-selectionselectiondatum.js
869,d3d3-selectionselectiondispatch.js
289,d3d3-selectionselectioneach.js
53,d3d3-selectionselectionempty.js
792,d3d3-selectionselectionenter.js
176,d3d3-selectionselectionexit.js
546,d3d3-selectionselectionfilter.js
520,d3d3-selectionselectionhtml.js
2216,d3d3-selectionselectionindex.js
468,d3d3-selectionselectioninsert.js
171,d3d3-selectionselectionlower.js
575,d3d3-selectionselectionmerge.js
258,d3d3-selectionselectionnode.js
140,d3d3-selectionselectionnodes.js
3119,d3d3-selectionselectionon.js
367,d3d3-selectionselectionorder.js
617,d3d3-selectionselectionproperty.js
138,d3d3-selectionselectionraise.js
153,d3d3-selectionselectionremove.js
653,d3d3-selectionselectionselect.js
550,d3d3-selectionselectionselectAll.js
98,d3d3-selectionselectionsize.js
681,d3d3-selectionselectionsort.js
71,d3d3-selectionselectionsparse.js
889,d3d3-selectionselectionstyle.js
528,d3d3-selectionselectiontext.js
152,d3d3-selectionselector.js
171,d3d3-selectionselectorAll.js
175,d3d3-selectionsourceEvent.js
407,d3d3-selectiontouch.js
323,d3d3-selectiontouches.js
218,d3d3-selectionwindow.js
8831,d3d3-shapearc.js
2917,d3d3-shapearea.js
42,d3d3-shapearray.js
81,d3d3-shapeconstant.js
1436,d3d3-shapecurvebasis.js
1530,d3d3-shapecurvebasisClosed.js
1069,d3d3-shapecurvebasisOpen.js
1081,d3d3-shapecurvebundle.js
1633,d3d3-shapecurvecardinal.js
1605,d3d3-shapecurvecardinalClosed.js
1288,d3d3-shapecurvecardinalOpen.js
2637,d3d3-shapecurvecatmullRom.js
2083,d3d3-shapecurvecatmullRomClosed.js
1760,d3d3-shapecurvecatmullRomOpen.js
738,d3d3-shapecurvelinear.js
514,d3d3-shapecurvelinearClosed.js
3203,d3d3-shapecurvemonotone.js
1761,d3d3-shapecurvenatural.js
655,d3d3-shapecurveradial.js
1367,d3d3-shapecurvestep.js
86,d3d3-shapedescending.js
43,d3d3-shapeidentity.js
1516,d3d3-shapeline.js
106,d3d3-shapemath.js
29,d3d3-shapenoop.js
319,d3d3-shapeoffsetexpand.js
310,d3d3-shapeoffsetnone.js
314,d3d3-shapeoffsetsilhouette.js
740,d3d3-shapeoffsetwiggle.js
305,d3d3-shapeorderascending.js
112,d3d3-shapeorderdescending.js
545,d3d3-shapeorderinsideOut.js
120,d3d3-shapeordernone.js
97,d3d3-shapeorderreverse.js
2336,d3d3-shapepie.js
81,d3d3-shapepoint.js
934,d3d3-shaperadialArea.js
396,d3d3-shaperadialLine.js
1432,d3d3-shapestack.js
186,d3d3-shapesymbolcircle.js
476,d3d3-shapesymbolcross.js
307,d3d3-shapesymboldiamond.js
137,d3d3-shapesymbolsquare.js
609,d3d3-shapesymbolstar.js
255,d3d3-shapesymboltriangle.js
733,d3d3-shapesymbolwye.js
1160,d3d3-shapesymbol.js
867,d3d3-time-formatdefaultLocale.js
284,d3d3-time-formatisoFormat.js
319,d3d3-time-formatisoParse.js
13876,d3d3-time-formatlocale.js
462,d3d3-timeday.js
164,d3d3-timeduration.js
569,d3d3-timehour.js
1845,d3d3-timeinterval.js
668,d3d3-timemillisecond.js
437,d3d3-timeminute.js
414,d3d3-timemonth.js
440,d3d3-timesecond.js
397,d3d3-timeutcDay.js
399,d3d3-timeutcHour.js
412,d3d3-timeutcMinute.js
453,d3d3-timeutcMonth.js
979,d3d3-timeutcWeek.js
808,d3d3-timeutcYear.js
963,d3d3-timeweek.js
754,d3d3-timeyear.js
400,d3d3-timerinterval.js
250,d3d3-timertimeout.js
2771,d3d3-timertimer.js
484,d3d3-transitionactive.js
665,d3d3-transitioninterrupt.js
245,d3d3-transitionselectionindex.js
138,d3d3-transitionselectioninterrupt.js
1090,d3d3-transitionselectiontransition.js
2473,d3d3-transitiontransitionattr.js
904,d3d3-transitiontransitionattrTween.js
510,d3d3-transitiontransitiondelay.js
528,d3d3-transitiontransitionduration.js
348,d3d3-transitiontransitionease.js
574,d3d3-transitiontransitionfilter.js
1892,d3d3-transitiontransitionindex.js
340,d3d3-transitiontransitioninterpolate.js
653,d3d3-transitiontransitionmerge.js
853,d3d3-transitiontransitionon.js
284,d3d3-transitiontransitionremove.js
4792,d3d3-transitiontransitionschedule.js
826,d3d3-transitiontransitionselect.js
883,d3d3-transitiontransitionselectAll.js
174,d3d3-transitiontransitionselection.js
2119,d3d3-transitiontransitionstyle.js
607,d3d3-transitiontransitionstyleTween.js
473,d3d3-transitiontransitiontext.js
691,d3d3-transitiontransitiontransition.js
2026,d3d3-transitiontransitiontween.js
4381,d3d3-voronoiBeach.js
4087,d3d3-voronoiCell.js
1632,d3d3-voronoiCircle.js
72,d3d3-voronoiconstant.js
3415,d3d3-voronoiDiagram.js
3634,d3d3-voronoiEdge.js
81,d3d3-voronoipoint.js
5302,d3d3-voronoiRedBlackTree.js
1420,d3d3-voronoivoronoi.js
72,d3d3-zoomconstant.js
137,d3d3-zoomevent.js
202,d3d3-zoomnoevent.js
1336,d3d3-zoomtransform.js
12133,d3d3-zoomzoom.js
